id,first_name,last_name,email,gender,Country
1,Zacharia,Bruin,zbruin0@apple.com,Male,Tunisia
2,Davy,Slatter,dslatter1@slideshare.net,Male,France
3,Magdalena,Higford,mhigford2@imgur.com,Female,Brazil
4,Donni,Voas,dvoas3@amazon.co.uk,Female,Poland
5,Carey,Widdowfield,cwiddowfield4@state.tx.us,Male,Portugal
6,Flint,Leveret,fleveret5@vk.com,Male,Czech Republic
7,Kirstin,Van Brug,kvanbrug6@indiatimes.com,Female,China
8,Elberta,Belch,ebelch7@themeforest.net,Female,China
9,Aigneis,Dugald,adugald8@hp.com,Female,Indonesia
10,Genevra,Chasmoor,gchasmoor9@networkadvertising.org,Female,Russia
11,Sammy,Hallums,shallumsa@seesaa.net,Male,Brazil
12,Eward,Queripel,equeripelb@wikia.com,Male,Portugal
13,Chic,Tenant,ctenantc@indiatimes.com,Male,Greece
14,Beverie,Demogeot,bdemogeotd@mtv.com,Female,Indonesia
15,Turner,Ogelsby,togelsbye@technorati.com,Male,Russia
16,Byran,Thackeray,bthackerayf@europa.eu,Male,Sweden
17,Beverlee,Boutton,bbouttong@army.mil,Female,China
18,Dukey,Woollin,dwoollinh@rakuten.co.jp,Male,Russia
19,Roobbie,Dudeney,rdudeneyi@wsj.com,Female,France
20,Pieter,Egerton,pegertonj@techcrunch.com,Male,Brazil
21,Shelby,Isbell,sisbellk@themeforest.net,Male,Monaco
22,Rock,Ferrelli,rferrellil@japanpost.jp,Male,Indonesia
23,Bren,Sellars,bsellarsm@amazon.de,Female,Canada
24,Bogart,Carnock,bcarnockn@eventbrite.com,Male,Sweden
25,Sibeal,Aimeric,saimerico@businesswire.com,Female,China
26,Megan,Benedick,mbenedickp@noaa.gov,Female,Peru
27,Thia,Tackes,ttackesq@go.com,Female,Mexico
28,Manon,Sarch,msarchr@bloomberg.com,Female,Thailand
29,Blake,Sloley,bsloleys@miibeian.gov.cn,Female,Indonesia
30,Torey,Litel,tlitelt@123-reg.co.uk,Male,United States
31,Rustie,Canny,rcannyu@1688.com,Male,Poland
32,Alma,Raven,aravenv@patch.com,Female,China
33,Tatiania,Daish,tdaishw@digg.com,Female,Indonesia
34,Sylvan,Dallas,sdallasx@umich.edu,Male,Philippines
35,Agustin,Haylett,ahayletty@xinhuanet.com,Male,China
36,Caresse,Lamberts,clambertsz@uol.com.br,Female,Syria
37,Keelia,Ivett,kivett10@last.fm,Female,Poland
38,Myrtle,Quare,mquare11@sourceforge.net,Female,Iran
39,Farlie,Gerrie,fgerrie12@mashable.com,Male,Colombia
40,Antoinette,Regglar,aregglar13@etsy.com,Female,Russia
41,Paulie,Kuhne,pkuhne14@constantcontact.com,Male,Canada
42,Britney,Tagg,btagg15@biblegateway.com,Female,Brazil
43,Jannelle,Lobbe,jlobbe16@prweb.com,Female,United States
44,Torry,Nicholes,tnicholes17@umich.edu,Male,China
45,Fayth,Robbert,frobbert18@newyorker.com,Female,Lithuania
46,Magdalena,Valerius,mvalerius19@soup.io,Female,Poland
47,Erick,Stopps,estopps1a@ucoz.ru,Male,Czech Republic
48,Giovanni,Petrushka,gpetrushka1b@gravatar.com,Male,China
49,Crissie,Cockitt,ccockitt1c@unicef.org,Female,Russia
50,Michele,Burnand,mburnand1d@statcounter.com,Female,China
51,Theresina,Witherdon,twitherdon1e@washingtonpost.com,Female,Indonesia
52,Verne,Bartoleyn,vbartoleyn1f@thetimes.co.uk,Male,Russia
53,Kipp,Pickaver,kpickaver1g@hp.com,Female,Moldova
54,Silvan,Humbey,shumbey1h@youtube.com,Male,Zambia
55,Tillie,Landers,tlanders1i@ovh.net,Female,Benin
56,Iona,Malim,imalim1j@jimdo.com,Female,Poland
57,Linnell,Harrald,lharrald1k@soundcloud.com,Female,Malaysia
58,Therine,Verrick,tverrick1l@tripod.com,Female,Indonesia
59,Cybil,Koenen,ckoenen1m@netscape.com,Female,Poland
60,Margo,Swepson,mswepson1n@rediff.com,Female,China
61,Rosco,Monard,rmonard1o@bigcartel.com,Male,Afghanistan
62,Gauthier,Laurie,glaurie1p@google.de,Male,China
63,Calv,Flobert,cflobert1q@nsw.gov.au,Male,Japan
64,Verna,Cadamy,vcadamy1r@google.ru,Female,Japan
65,Ezra,Blockwell,eblockwell1s@reverbnation.com,Male,Russia
66,Con,Kubu,ckubu1t@constantcontact.com,Male,Sweden
67,Hendrik,Ales0,hales1u@prnewswire.com,Male,China
68,Alaster,Feehan,afeehan1v@google.nl,Male,Japan
69,Arlee,Chyuerton,achyuerton1w@simplemachines.org,Female,Indonesia
70,Stanislas,Ithell,sithell1x@noaa.gov,Male,Russia
71,Marleen,Twelvetrees,mtwelvetrees1y@cnn.com,Female,France
72,Kerwin,Newlands,knewlands1z@harvard.edu,Male,Russia
73,Wallace,Catlette,wcatlette20@smugmug.com,Male,China
74,Mandy,Savage,msavage21@wikipedia.org,Female,Thailand
75,Hew,Goodluck,hgoodluck22@jalbum.net,Male,Kazakhstan
76,Betty,Macieiczyk,bmacieiczyk23@purevolume.com,Female,China
77,Bogart,Benjamin,bbenjamin24@123-reg.co.uk,Male,South Africa
78,Rudolf,Jeromson,rjeromson25@cornell.edu,Male,Thailand
79,Morlee,Lynthal,mlynthal26@home.pl,Male,China
80,Melloney,Slemming,mslemming27@google.com.br,Female,China
81,Richmound,Archer,rarcher28@elpais.com,Male,China
82,Bowie,Jaycox,bjaycox29@joomla.org,Male,Canada
83,Lilah,Osanne,losanne2a@bloglovin.com,Female,Azerbaijan
84,Fletch,Kain,fkain2b@springer.com,Male,Indonesia
85,Laird,Sleet,lsleet2c@craigslist.org,Male,Kenya
86,Alica,Mingaye,amingaye2d@baidu.com,Female,China
87,Mireille,De Blase,mdeblase2e@baidu.com,Female,Nicaragua
88,Evyn,Willder,ewillder2f@dmoz.org,Male,Sweden
89,Nataniel,Nettle,nnettle2g@naver.com,Male,United States
90,Myrle,Camplin,mcamplin2h@cnet.com,Female,China
91,Rollo,Ten Broek,rtenbroek2i@etsy.com,Male,Poland
92,Far,Domoney,fdomoney2j@reverbnation.com,Male,Comoros
93,Garwin,Allcott,gallcott2k@pinterest.com,Male,Philippines
94,Murvyn,Jarvis,mjarvis2l@google.it,Male,China
95,Kendrick,Storrar,kstorrar2m@pcworld.com,Male,Portugal
96,Llewellyn,Oldcroft,loldcroft2n@chronoengine.com,Male,China
97,Vance,Harflete,vharflete2o@newyorker.com,Male,Philippines
98,Hunter,Ghiroldi,hghiroldi2p@godaddy.com,Male,Yemen
99,Ricky,Cassius,rcassius2q@homestead.com,Male,Peru
100,Gaylord,Leafe,gleafe2r@seesaa.net,Male,Japan
101,Reuben,Winskill,rwinskill2s@photobucket.com,Male,Georgia
102,Ambrosius,Kinnett,akinnett2t@yahoo.co.jp,Male,Greece
103,Sidonia,Gommes,sgommes2u@1und1.de,Female,South Africa
104,Gloria,Tasch,gtasch2v@spiegel.de,Female,Sweden
105,Nessa,Dumbrill,ndumbrill2w@typepad.com,Female,Pakistan
106,Marguerite,Tidy,mtidy2x@who.int,Female,China
107,Elfrida,Spriggen,espriggen2y@economist.com,Female,Iran
108,Walliw,Ingliby,wingliby2z@usgs.gov,Female,Belarus
109,Wayne,Drewson,wdrewson30@aol.com,Male,Vietnam
110,Jannel,Petche,jpetche31@cpanel.net,Female,China
111,Port,Bougourd,pbougourd32@linkedin.com,Male,American Samoa
112,Corinna,Hewes,chewes33@gnu.org,Female,Indonesia
113,Barnaby,Jan,bjan34@spiegel.de,Male,Turkmenistan
114,Jordan,Giamuzzo,jgiamuzzo35@mlb.com,Female,Indonesia
115,Kory,Smiths,ksmiths36@constantcontact.com,Male,Kenya
116,Kort,Dolden,kdolden37@usnews.com,Male,Japan
117,Hester,Dafydd,hdafydd38@phpbb.com,Female,Indonesia
118,Berky,Rushbrook,brushbrook39@adobe.com,Male,Brazil
119,Scotty,Doughton,sdoughton3a@slideshare.net,Male,China
120,Clea,Kersey,ckersey3b@yahoo.co.jp,Female,Poland
121,Evangelia,Benet,ebenet3c@wikispaces.com,Female,Indonesia
122,Alaster,Quigley,aquigley3d@domainmarket.com,Male,China
123,Halsey,Skevington,hskevington3e@ebay.com,Male,Indonesia
124,Jennette,Dunk,jdunk3f@virginia.edu,Female,Brazil
125,Parrnell,Janota,pjanota3g@nbcnews.com,Male,China
126,Corrie,Cullip,ccullip3h@hud.gov,Male,Finland
127,Spense,Boays,sboays3i@livejournal.com,Male,Kosovo
128,Graeme,Burgin,gburgin3j@reverbnation.com,Male,Ivory Coast
129,Fairleigh,Chazelas,fchazelas3k@springer.com,Male,Brazil
130,Xaviera,Leete,xleete3l@aol.com,Female,Brazil
131,Marcela,Fourcade,mfourcade3m@hostgator.com,Female,China
132,Wakefield,Boxill,wboxill3n@go.com,Male,Russia
133,Loni,Densun,ldensun3o@sciencedirect.com,Female,Indonesia
134,Hephzibah,Philipeaux,hphilipeaux3p@imgur.com,Female,Honduras
135,Carleen,Baildon,cbaildon3q@furl.net,Female,Portugal
136,Claudianus,Braunroth,cbraunroth3r@hp.com,Male,Finland
137,Alano,Aires,aaires3s@mayoclinic.com,Male,Iran
138,Deena,Sherebrook,dsherebrook3t@columbia.edu,Female,Russia
139,Randall,Burberry,rburberry3u@blogger.com,Male,China
140,Keir,Hanmore,khanmore3v@marriott.com,Male,Russia
141,Danice,Lindsell,dlindsell3w@go.com,Female,Poland
142,Ola,Nutten,onutten3x@google.com.hk,Female,Sri Lanka
143,Sarena,Roberds,sroberds3y@comcast.net,Female,United States
144,Natalee,Braybrooks,nbraybrooks3z@cocolog-nifty.com,Female,Brazil
145,Cos,Eldrett,celdrett40@blogtalkradio.com,Male,China
146,Felic,Thurbon,fthurbon41@mtv.com,Male,Ukraine
147,Caitlin,Sachno,csachno42@archive.org,Female,Nicaragua
148,Quill,Handling,qhandling43@amazon.co.jp,Male,France
149,Maiga,Masser,mmasser44@merriam-webster.com,Female,Czech Republic
150,Pincus,Kenrack,pkenrack45@tuttocitta.it,Male,China
151,Kerrill,Lude,klude46@google.es,Female,Azerbaijan
152,Lilia,Proger,lproger47@irs.gov,Female,Norway
153,Halsey,Chisholme,hchisholme48@samsung.com,Male,Brazil
154,Janean,Haycock,jhaycock49@google.ru,Female,Brazil
155,Batholomew,Cox,bcox4a@over-blog.com,Male,Bulgaria
156,Melly,Priddis,mpriddis4b@psu.edu,Female,Honduras
157,Lin,Cridlon,lcridlon4c@theguardian.com,Female,Kazakhstan
158,Lonnie,Leader,lleader4d@omniture.com,Male,Colombia
159,Siouxie,Couves,scouves4e@youtube.com,Female,Russia
160,Doll,Ruhben,druhben4f@scribd.com,Female,Russia
161,Ralf,Towlson,rtowlson4g@about.me,Male,Portugal
162,Lauryn,Goodswen,lgoodswen4h@nsw.gov.au,Female,Indonesia
163,Hersh,Yitzowitz,hyitzowitz4i@constantcontact.com,Male,Israel
164,Greta,Boyall,gboyall4j@webmd.com,Female,Russia
165,Julianna,Matyja,jmatyja4k@xrea.com,Female,Russia
166,Brynne,Loftin,bloftin4l@ed.gov,Female,Iran
167,Diann,Brewins,dbrewins4m@nba.com,Female,Slovenia
168,Abbot,Jagiela,ajagiela4n@usgs.gov,Male,Senegal
169,Yankee,Janovsky,yjanovsky4o@wikipedia.org,Male,Japan
170,Flo,Angliss,fangliss4p@cnbc.com,Female,Mayotte
171,Melisande,Croce,mcroce4q@google.co.uk,Female,Indonesia
172,Norma,Pirolini,npirolini4r@angelfire.com,Female,Philippines
173,Anton,Kingsworth,akingsworth4s@google.co.uk,Male,China
174,Nico,Hritzko,nhritzko4t@histats.com,Male,Brazil
175,Elroy,Yerborn,eyerborn4u@webmd.com,Male,Russia
176,Nappy,O'dell,nodell4v@shinystat.com,Male,Finland
177,Hew,Barnwille,hbarnwille4w@earthlink.net,Male,Brazil
178,Lewes,Marley,lmarley4x@samsung.com,Male,Brazil
179,Isidore,Ferrotti,iferrotti4y@paypal.com,Male,Mexico
180,Edi,Hooban,ehooban4z@columbia.edu,Female,Belize
181,Ralf,Drexel,rdrexel50@mapy.cz,Male,Tunisia
182,Britta,Odell,bodell51@about.com,Female,Czech Republic
183,Kele,Pockett,kpockett52@soundcloud.com,Male,Iran
184,Webster,St. Hill,wsthill53@issuu.com,Male,China
185,Meier,Stain,mstain54@ed.gov,Male,Philippines
186,Eilis,Kindle,ekindle55@wikipedia.org,Female,Thailand
187,Willie,De Gregorio,wdegregorio56@newyorker.com,Male,Nigeria
188,Tamiko,Ohms,tohms57@miibeian.gov.cn,Female,Sweden
189,Layney,Bonnin,lbonnin58@reverbnation.com,Female,Philippines
190,Elisabetta,Jasiak,ejasiak59@topsy.com,Female,Peru
191,Martie,Triebner,mtriebner5a@wikimedia.org,Male,France
192,Gradeigh,Rospars,grospars5b@instagram.com,Male,Indonesia
193,Efren,Martina,emartina5c@indiatimes.com,Male,United States
194,Tabby,Yann,tyann5d@reddit.com,Male,Pakistan
195,Jordana,Marte,jmarte5e@newyorker.com,Female,Canada
196,Rozamond,Corton,rcorton5f@google.pl,Female,China
197,Jory,Troop,jtroop5g@biglobe.ne.jp,Male,France
198,Leigh,Sim,lsim5h@independent.co.uk,Male,Russia
199,Corrianne,Tzuker,ctzuker5i@independent.co.uk,Female,Venezuela
200,Kay,Lympenie,klympenie5j@soundcloud.com,Female,China
201,Marlee,Guiel,mguiel5k@hibu.com,Female,Poland
202,Vivienne,Gilberthorpe,vgilberthorpe5l@posterous.com,Female,Nigeria
203,Elli,Sauven,esauven5m@omniture.com,Female,Poland
204,Chas,Dunsmore,cdunsmore5n@ehow.com,Male,Indonesia
205,Burg,Iltchev,biltchev5o@google.de,Male,China
206,Ralf,O' Loughran,roloughran5p@so-net.ne.jp,Male,China
207,Mace,Egginson,megginson5q@msn.com,Male,Russia
208,Theodora,Winslet,twinslet5r@devhub.com,Female,China
209,Drake,Choppin,dchoppin5s@deviantart.com,Male,Bangladesh
210,Torre,Chattock,tchattock5t@qq.com,Male,Poland
211,Pierrette,Goodredge,pgoodredge5u@so-net.ne.jp,Female,Uruguay
212,Alain,Geeraert,ageeraert5v@omniture.com,Male,Indonesia
213,Dosi,Chape,dchape5w@skyrock.com,Female,France
214,Kristan,Kindell,kkindell5x@msn.com,Female,Indonesia
215,Maxi,Stuther,mstuther5y@newyorker.com,Female,Afghanistan
216,Linette,Simnor,lsimnor5z@nymag.com,Female,Russia
217,Lira,McKimmie,lmckimmie60@1und1.de,Female,Belarus
218,Collete,Withrop,cwithrop61@symantec.com,Female,Hungary
219,Hope,Flewett,hflewett62@pagesperso-orange.fr,Female,Mexico
220,Donielle,Straun,dstraun63@mapy.cz,Female,Bangladesh
221,Seumas,Virgin,svirgin64@chron.com,Male,Portugal
222,Vladimir,Finicj,vfinicj65@oakley.com,Male,Russia
223,Stefan,Arrigo,sarrigo66@sciencedirect.com,Male,Armenia
224,Doe,Sor,dsor67@blogger.com,Female,Yemen
225,Linet,Grigolashvill,lgrigolashvill68@google.pl,Female,Russia
226,Hyacinth,Skeleton,hskeleton69@chron.com,Female,Nicaragua
227,Randy,Privett,rprivett6a@hugedomains.com,Female,China
228,Barri,Earl,bearl6b@house.gov,Male,Mexico
229,Dallas,Vedstra,dvedstra6c@nbcnews.com,Male,Indonesia
230,Brion,Basnett,bbasnett6d@unblog.fr,Male,Indonesia
231,Trudi,Ethersey,tethersey6e@desdev.cn,Female,Philippines
232,Helen-elizabeth,Himsworth,hhimsworth6f@soundcloud.com,Female,Indonesia
233,Junina,Riddall,jriddall6g@forbes.com,Female,China
234,Howey,MacCauley,hmaccauley6h@scribd.com,Male,Japan
235,Davie,Bolderoe,dbolderoe6i@nyu.edu,Male,Philippines
236,Karita,Burleton,kburleton6j@hexun.com,Female,Portugal
237,Karie,Formigli,kformigli6k@homestead.com,Female,Greece
238,Andy,Danielsson,adanielsson6l@lulu.com,Female,China
239,Courtney,Hartwright,chartwright6m@bbc.co.uk,Female,France
240,Wood,Ruston,wruston6n@latimes.com,Male,Portugal
241,Jenelle,Heasly,jheasly6o@canalblog.com,Female,Indonesia
242,Trudey,Hares,thares6p@google.it,Female,Philippines
243,Jenilee,Clewett,jclewett6q@eventbrite.com,Female,China
244,Micah,Mitroshinov,mmitroshinov6r@wikispaces.com,Male,France
245,Marla,Dayce,mdayce6s@techcrunch.com,Female,Iran
246,Starla,Eastway,seastway6t@pinterest.com,Female,Greece
247,Mariana,Veldman,mveldman6u@tuttocitta.it,Female,Bulgaria
248,Stephie,Huitson,shuitson6v@wix.com,Female,Ukraine
249,Brien,MacAlester,bmacalester6w@bluehost.com,Male,Indonesia
250,Sam,Berriball,sberriball6x@symantec.com,Male,Jamaica
251,Ilise,Curragh,icurragh6y@uiuc.edu,Female,Philippines
252,Blinny,Biernacki,bbiernacki6z@arizona.edu,Female,Poland
253,Abigale,Ruane,aruane70@earthlink.net,Female,South Korea
254,Constance,Steptowe,csteptowe71@fda.gov,Female,France
255,Eugenio,Pull,epull72@princeton.edu,Male,South Africa
256,Ann-marie,Breeton,abreeton73@washingtonpost.com,Female,Poland
257,Annabell,Carwithen,acarwithen74@over-blog.com,Female,Venezuela
258,Vinson,Frugier,vfrugier75@reuters.com,Male,China
259,Colan,Zanelli,czanelli76@yellowpages.com,Male,Indonesia
260,Fiona,Trim,ftrim77@theglobeandmail.com,Female,United States
261,Avrit,Chartman,achartman78@apple.com,Female,Honduras
262,Rosemarie,Bearsmore,rbearsmore79@bbc.co.uk,Female,Indonesia
263,Ashley,Lasselle,alasselle7a@apache.org,Male,Canada
264,Fulton,Arthurs,farthurs7b@booking.com,Male,Guatemala
265,Morgan,Boosey,mboosey7c@google.com,Male,Mexico
266,Kathye,Ackenhead,kackenhead7d@toplist.cz,Female,Brazil
267,Ibrahim,De Freyne,idefreyne7e@gizmodo.com,Male,Malaysia
268,Bessy,Crosston,bcrosston7f@seesaa.net,Female,Indonesia
269,Deedee,Willingale,dwillingale7g@buzzfeed.com,Female,Indonesia
270,Livia,Oldknowe,loldknowe7h@netvibes.com,Female,Philippines
271,Christabel,Eichmann,ceichmann7i@wordpress.com,Female,Canada
272,Michale,Giamuzzo,mgiamuzzo7j@indiegogo.com,Male,Finland
273,Kathryn,Witling,kwitling7k@tumblr.com,Female,United States
274,Neely,Tamburi,ntamburi7l@linkedin.com,Female,Ukraine
275,Stavro,Boissier,sboissier7m@nih.gov,Male,United Kingdom
276,Courtney,Lancett,clancett7n@google.nl,Male,Philippines
277,Berri,Marsay,bmarsay7o@quantcast.com,Female,China
278,Jess,Cupitt,jcupitt7p@mayoclinic.com,Female,China
279,Erich,Feldmann,efeldmann7q@state.tx.us,Male,Mexico
280,Haleigh,Dawney,hdawney7r@studiopress.com,Female,Russia
281,Phineas,Swabey,pswabey7s@hibu.com,Male,Indonesia
282,Garfield,Brandoni,gbrandoni7t@multiply.com,Male,Indonesia
283,Clevie,Waywell,cwaywell7u@paypal.com,Male,Portugal
284,Jerry,Swain,jswain7v@mysql.com,Male,United States
285,Dale,Dornin,ddornin7w@clickbank.net,Female,Colombia
286,Renaud,Munnings,rmunnings7x@opensource.org,Male,China
287,Dwayne,Alphonso,dalphonso7y@g.co,Male,Poland
288,Thelma,Donohoe,tdonohoe7z@wisc.edu,Female,Philippines
289,Simonne,Coil,scoil80@cnbc.com,Female,Norway
290,Casey,Houlridge,choulridge81@sciencedaily.com,Male,Indonesia
291,Odella,Rocca,orocca82@360.cn,Female,Saudi Arabia
292,Lars,McConnal,lmcconnal83@telegraph.co.uk,Male,Portugal
293,Alva,Brattan,abrattan84@wikispaces.com,Male,Argentina
294,Rosalinde,Pease,rpease85@patch.com,Female,Chile
295,Xena,Adriaan,xadriaan86@state.gov,Female,Greece
296,Barri,Ffoulkes,bffoulkes87@seattletimes.com,Male,Mexico
297,Ganny,Brandt,gbrandt88@acquirethisname.com,Male,Russia
298,Danielle,Scholtz,dscholtz89@weibo.com,Female,China
299,Kerr,Gyves,kgyves8a@meetup.com,Male,Indonesia
300,Torrey,Allin,tallin8b@homestead.com,Male,Indonesia
301,Windham,Anders,wanders8c@newsvine.com,Male,China
302,Melosa,Cockshutt,mcockshutt8d@nifty.com,Female,Philippines
303,Myrah,Woolger,mwoolger8e@theglobeandmail.com,Female,Nicaragua
304,Axel,Halston,ahalston8f@wordpress.org,Male,Indonesia
305,Nehemiah,Menpes,nmenpes8g@zimbio.com,Male,Madagascar
306,Link,Massei,lmassei8h@weebly.com,Male,Brazil
307,Devi,Doddemeede,ddoddemeede8i@theguardian.com,Female,Russia
308,Wyatt,Thewlis,wthewlis8j@squarespace.com,Male,Philippines
309,Shea,Ahrend,sahrend8k@google.de,Male,Kazakhstan
310,Stacey,Larway,slarway8l@addtoany.com,Female,Poland
311,Rudolfo,Llewellin,rllewellin8m@gizmodo.com,Male,Sweden
312,Moss,Corner,mcorner8n@microsoft.com,Male,South Africa
313,Jaine,Gumm,jgumm8o@macromedia.com,Female,Sweden
314,Fina,Vearncomb,fvearncomb8p@infoseek.co.jp,Female,Indonesia
315,Daphna,Macia,dmacia8q@prnewswire.com,Female,China
316,Melessa,Wippermann,mwippermann8r@surveymonkey.com,Female,Poland
317,Emogene,Salle,esalle8s@buzzfeed.com,Female,Sweden
318,Andriette,Mehmet,amehmet8t@tuttocitta.it,Female,Zambia
319,Issie,Ramble,iramble8u@addtoany.com,Female,Niger
320,Minetta,Lambillion,mlambillion8v@accuweather.com,Female,Russia
321,Noe,Mawman,nmawman8w@tiny.cc,Male,Iran
322,Deina,Rymer,drymer8x@amazon.co.uk,Female,Canada
323,Mae,Skouling,mskouling8y@imdb.com,Female,Malaysia
324,Celesta,Gary,cgary8z@baidu.com,Female,Vietnam
325,Culley,O'Sheerin,cosheerin90@answers.com,Male,Indonesia
326,Amandi,Labrone,alabrone91@usatoday.com,Female,Vietnam
327,Kristoforo,Sirl,ksirl92@hostgator.com,Male,Sweden
328,Elli,Bethell,ebethell93@sbwire.com,Female,France
329,Annadiana,Colaton,acolaton94@youku.com,Female,Sweden
330,Sutherland,McInally,smcinally95@google.fr,Male,Russia
331,Julissa,McCoy,jmccoy96@bloglovin.com,Female,China
332,Quintina,Oswald,qoswald97@myspace.com,Female,Portugal
333,Amby,Kittless,akittless98@wikispaces.com,Male,China
334,Tomas,Maykin,tmaykin99@istockphoto.com,Male,Indonesia
335,Clywd,Lilburn,clilburn9a@businessweek.com,Male,Tunisia
336,Minerva,Pedrozzi,mpedrozzi9b@abc.net.au,Female,Poland
337,Breanne,Wastall,bwastall9c@skype.com,Female,Japan
338,Lammond,Boden,lboden9d@unesco.org,Male,France
339,Fernanda,Blatchford,fblatchford9e@sogou.com,Female,France
340,Malinda,Peebles,mpeebles9f@addthis.com,Female,France
341,Scarlet,Boler,sboler9g@fema.gov,Female,United States
342,Nolly,Churchard,nchurchard9h@artisteer.com,Male,Philippines
343,Hailey,Fitchen,hfitchen9i@twitpic.com,Male,Zambia
344,Hamish,Leyden,hleyden9j@vinaora.com,Male,Israel
345,Bev,Fyldes,bfyldes9k@tripadvisor.com,Male,Philippines
346,Lin,Sinnock,lsinnock9l@irs.gov,Female,Palestinian Territory
347,Betty,Puve,bpuve9m@sfgate.com,Female,Czech Republic
348,Antonetta,Cresser,acresser9n@zdnet.com,Female,Portugal
349,Aylmer,Lerego,alerego9o@spotify.com,Male,Russia
350,Kathrine,Dawney,kdawney9p@marriott.com,Female,China
351,Donny,Bamlet,dbamlet9q@sbwire.com,Male,Croatia
352,Teddie,Blesli,tblesli9r@yelp.com,Male,China
353,Ferdy,Claridge,fclaridge9s@ucoz.com,Male,Venezuela
354,Wilma,Maria,wmaria9t@netlog.com,Female,Japan
355,Aubrey,Narducci,anarducci9u@chicagotribune.com,Male,Albania
356,Billye,Jealous,bjealous9v@cafepress.com,Female,Argentina
357,Joaquin,Organer,jorganer9w@amazon.com,Male,Indonesia
358,Dayna,Dory,ddory9x@shutterfly.com,Female,Kenya
359,Cymbre,Labon,clabon9y@reuters.com,Female,Indonesia
360,Liliane,Trumpeter,ltrumpeter9z@mac.com,Female,Taiwan
361,Gasper,Hawkin,ghawkina0@acquirethisname.com,Male,Russia
362,Mischa,Fasey,mfaseya1@apple.com,Male,Zambia
363,Rozele,Havoc,rhavoca2@digg.com,Female,Bangladesh
364,Dalston,Bromilow,dbromilowa3@npr.org,Male,Thailand
365,Jenica,Iron,jirona4@over-blog.com,Female,Venezuela
366,Gaultiero,Kyd,gkyda5@ezinearticles.com,Male,Indonesia
367,Jule,Hovie,jhoviea6@baidu.com,Male,Bulgaria
368,Angel,Lestrange,alestrangea7@icq.com,Female,Cuba
369,Rochell,Bowhay,rbowhaya8@illinois.edu,Female,Indonesia
370,Harold,Ensor,hensora9@epa.gov,Male,United States
371,Shina,Speakman,sspeakmanaa@cnbc.com,Female,Bangladesh
372,Aldrich,Jindrak,ajindrakab@arizona.edu,Male,Russia
373,Candi,Gapper,cgapperac@aol.com,Female,Thailand
374,Odey,Frankcom,ofrankcomad@opera.com,Male,Indonesia
375,Cyndy,Yellowlees,cyellowleesae@people.com.cn,Female,Indonesia
376,Ameline,Suttell,asuttellaf@typepad.com,Female,Slovenia
377,Barnebas,Pringer,bpringerag@eepurl.com,Male,China
378,Andris,Stamps,astampsah@wordpress.com,Male,Indonesia
379,Chic,Bosson,cbossonai@github.io,Male,China
380,Peter,Hews,phewsaj@mozilla.org,Male,Poland
381,Fletcher,Gartrell,fgartrellak@bloglovin.com,Male,China
382,Cass,Sjostrom,csjostromal@latimes.com,Male,Japan
383,Dorothea,Liebrecht,dliebrechtam@tumblr.com,Female,Armenia
384,Humfrid,Clappson,hclappsonan@bloomberg.com,Male,Sweden
385,Shandy,Burgot,sburgotao@barnesandnoble.com,Female,Sweden
386,Evelyn,Craig,ecraigap@ehow.com,Female,Nigeria
387,Tova,Fulle,tfulleaq@umn.edu,Female,Colombia
388,Dennison,Firminger,dfirmingerar@prweb.com,Male,Portugal
389,Yoshiko,Burdoun,yburdounas@house.gov,Female,Panama
390,Aloysius,Curphey,acurpheyat@sbwire.com,Male,China
391,Royce,Densie,rdensieau@tmall.com,Male,Russia
392,Bartholomeus,Van T'Hoog,bvanthoogav@ox.ac.uk,Male,China
393,Auria,Fieldgate,afieldgateaw@yolasite.com,Female,China
394,Katrinka,Coulthard,kcoulthardax@nbcnews.com,Female,China
395,Chanda,Alejandre,calejandreay@technorati.com,Female,China
396,Pauline,Fontaine,pfontaineaz@go.com,Female,Mexico
397,Tracy,Hutt,thuttb0@marketwatch.com,Female,Colombia
398,Ardelis,Pexton,apextonb1@goodreads.com,Female,Indonesia
399,Pippo,Lissandri,plissandrib2@newsvine.com,Male,Sweden
400,Isa,Teodorski,iteodorskib3@wikimedia.org,Female,Czech Republic
401,Umberto,Potticary,upotticaryb4@msu.edu,Male,Argentina
402,Nickie,Broster,nbrosterb5@un.org,Male,Ukraine
403,Alonso,Sedgefield,asedgefieldb6@msn.com,Male,Russia
404,Jonathon,Cornilleau,jcornilleaub7@photobucket.com,Male,Czech Republic
405,Vivianne,Fairham,vfairhamb8@prlog.org,Female,Portugal
406,Jody,Alfwy,jalfwyb9@bluehost.com,Male,Russia
407,Tana,Mellenby,tmellenbyba@seattletimes.com,Female,China
408,Onofredo,Rampage,orampagebb@tinypic.com,Male,Nigeria
409,Faulkner,Orton,fortonbc@vkontakte.ru,Male,Sweden
410,Northrop,Voak,nvoakbd@shinystat.com,Male,China
411,Giordano,Odeson,godesonbe@webmd.com,Male,Portugal
412,Nady,Mattys,nmattysbf@ovh.net,Female,Sierra Leone
413,Emmalyn,Ateggart,eateggartbg@phoca.cz,Female,China
414,Chauncey,Plait,cplaitbh@kickstarter.com,Male,Democratic Republic of the Congo
415,Callie,Goodison,cgoodisonbi@vinaora.com,Female,China
416,Vail,Draco,vdracobj@shutterfly.com,Male,China
417,Danyelle,Vesty,dvestybk@newsvine.com,Female,South Africa
418,Wilburt,Balmann,wbalmannbl@xrea.com,Male,China
419,Vivyanne,Peete,vpeetebm@ft.com,Female,Sweden
420,Ian,Shrieves,ishrievesbn@weibo.com,Male,Indonesia
421,Ozzy,Roo,oroobo@plala.or.jp,Male,United States
422,Clive,Folling,cfollingbp@t-online.de,Male,Peru
423,Ceciley,Crambie,ccrambiebq@angelfire.com,Female,Philippines
424,Klemens,Bowmaker,kbowmakerbr@ehow.com,Male,South Sudan
425,Tedda,Hartright,thartrightbs@bluehost.com,Female,Russia
426,Cindelyn,Clemence,cclemencebt@nydailynews.com,Female,Indonesia
427,Devinne,Munt,dmuntbu@discuz.net,Female,Indonesia
428,Winny,Szymonwicz,wszymonwiczbv@salon.com,Male,Malaysia
429,Emlyn,Tremblett,etremblettbw@cnn.com,Male,Mexico
430,Edik,Gateley,egateleybx@squarespace.com,Male,Philippines
431,Hunt,Verryan,hverryanby@typepad.com,Male,Cameroon
432,Darrell,Bredee,dbredeebz@dmoz.org,Male,Uganda
433,Marga,Edgley,medgleyc0@cloudflare.com,Female,Portugal
434,Niko,Johananov,njohananovc1@yellowpages.com,Male,China
435,Filmore,Nanninini,fnannininic2@hexun.com,Male,United States
436,Sharline,Rathke,srathkec3@statcounter.com,Female,Philippines
437,Alameda,Weald,awealdc4@vinaora.com,Female,Brazil
438,Ursa,Garioch,ugariochc5@paypal.com,Female,Indonesia
439,Chuck,Ludlom,cludlomc6@slate.com,Male,Sweden
440,Cleavland,Frankham,cfrankhamc7@delicious.com,Male,Philippines
441,Norbert,Boughen,nboughenc8@ow.ly,Male,China
442,Frederique,Cossem,fcossemc9@github.io,Female,Azerbaijan
443,Winfred,Francesch,wfranceschca@quantcast.com,Male,Kosovo
444,Edvard,Daverin,edaverincb@vistaprint.com,Male,Philippines
445,Gianni,Ramm,grammcc@cpanel.net,Male,Finland
446,Garvin,Tompkin,gtompkincd@sbwire.com,Male,Belarus
447,Bridie,Domenge,bdomengece@npr.org,Female,Saudi Arabia
448,Mendy,Solon,msoloncf@ezinearticles.com,Male,China
449,Diena,Hinken,dhinkencg@yahoo.co.jp,Female,Philippines
450,Dulcinea,Sutherby,dsutherbych@youku.com,Female,Chile
451,Ronda,Tremblett,rtremblettci@jiathis.com,Female,China
452,Betty,Sapwell,bsapwellcj@ocn.ne.jp,Female,Brazil
453,Blair,Ethridge,bethridgeck@plala.or.jp,Female,Brazil
454,Mellicent,Fardy,mfardycl@wiley.com,Female,China
455,Maurits,Jarad,mjaradcm@cmu.edu,Male,Sweden
456,Ula,O'Gavin,uogavincn@booking.com,Female,Palestinian Territory
457,Thea,Seaton,tseatonco@businessinsider.com,Female,Canada
458,Renata,Benjefield,rbenjefieldcp@tiny.cc,Female,Sweden
459,Thedrick,Fort,tfortcq@de.vu,Male,Croatia
460,Debbi,Huckell,dhuckellcr@phoca.cz,Female,Poland
461,Marge,Tarborn,mtarborncs@ning.com,Female,Czech Republic
462,Stacia,Boote,sbootect@vk.com,Female,Russia
463,Kenneth,Bleue,kbleuecu@nbcnews.com,Male,China
464,Sophey,Armin,sarmincv@slashdot.org,Female,Tanzania
465,Madella,Gallant,mgallantcw@slashdot.org,Female,Philippines
466,Hedwig,Remmer,hremmercx@go.com,Female,Brazil
467,Jermain,Cayser,jcaysercy@ucla.edu,Male,Kosovo
468,Justus,Escreet,jescreetcz@etsy.com,Male,Iraq
469,Harrison,Twinborne,htwinborned0@skype.com,Male,Spain
470,Timmy,Reaman,treamand1@vinaora.com,Female,Yemen
471,Pembroke,Halls,phallsd2@youtu.be,Male,United States
472,Martelle,Dyde,mdyded3@ox.ac.uk,Female,China
473,Blanca,Moyler,bmoylerd4@msn.com,Female,Cameroon
474,Nichols,Whorton,nwhortond5@ocn.ne.jp,Male,Ukraine
475,Valma,Fish,vfishd6@toplist.cz,Female,China
476,Elyse,Doge,edoged7@cam.ac.uk,Female,China
477,Carlotta,Scurrer,cscurrerd8@canalblog.com,Female,Indonesia
478,Giuseppe,Blancowe,gblancowed9@tinypic.com,Male,Peru
479,Dieter,Scherer,dschererda@springer.com,Male,China
480,Kris,Whittles,kwhittlesdb@yandex.ru,Female,Egypt
481,Leontyne,Jovic,ljovicdc@prnewswire.com,Female,Portugal
482,Clem,Schimmang,cschimmangdd@census.gov,Female,Belarus
483,Zsazsa,Ouldcott,zouldcottde@stanford.edu,Female,China
484,Tierney,Wratten,twrattendf@chronoengine.com,Female,Ukraine
485,Ignatius,Lindgren,ilindgrendg@huffingtonpost.com,Male,Brazil
486,Leeann,Kerner,lkernerdh@tripadvisor.com,Female,Thailand
487,Kerrin,Meuse,kmeusedi@squidoo.com,Female,Peru
488,Suellen,Burnsides,sburnsidesdj@ebay.com,Female,Honduras
489,Arin,Roberts,arobertsdk@salon.com,Male,Dominican Republic
490,Almire,Vigne,avignedl@people.com.cn,Female,China
491,Tammy,Kegan,tkegandm@bravesites.com,Female,Indonesia
492,Charleen,Haines,chainesdn@narod.ru,Female,China
493,Grissel,Paske,gpaskedo@china.com.cn,Female,Cameroon
494,Lorens,Stanbury,lstanburydp@thetimes.co.uk,Male,Indonesia
495,Dante,McManus,dmcmanusdq@ycombinator.com,Male,Afghanistan
496,Tobin,Vowell,tvowelldr@aol.com,Male,Philippines
497,Lonny,Martinetto,lmartinettods@g.co,Male,Czech Republic
498,Mollie,Quested,mquesteddt@imgur.com,Female,France
499,Brice,Bane,bbanedu@slideshare.net,Male,Cape Verde
500,Nickey,Densey,ndenseydv@bravesites.com,Male,Bosnia and Herzegovina
501,Lizbeth,Stoter,lstoterdw@trellian.com,Female,Laos
502,Wallie,Lovegrove,wlovegrovedx@noaa.gov,Male,Brazil
503,Kain,Convery,kconverydy@sourceforge.net,Male,Indonesia
504,Kerrill,Madrell,kmadrelldz@ox.ac.uk,Female,Canada
505,Sula,Diggens,sdiggense0@desdev.cn,Female,Indonesia
506,Stacy,Jorcke,sjorckee1@a8.net,Male,Pakistan
507,Rebeka,Ellingworth,rellingworthe2@amazonaws.com,Female,Thailand
508,Mitchel,Riveles,mrivelese3@hatena.ne.jp,Male,Croatia
509,Haskell,Iacopetti,hiacopettie4@nih.gov,Male,Nigeria
510,Averil,Frugier,afrugiere5@acquirethisname.com,Male,China
511,Udell,Hovert,uhoverte6@goo.gl,Male,Poland
512,Ilise,Patient,ipatiente7@earthlink.net,Female,Poland
513,Lara,Jenkerson,ljenkersone8@yandex.ru,Female,Mauritania
514,Maxi,Grishakov,mgrishakove9@indiegogo.com,Female,Russia
515,Sergei,Edsell,sedsellea@networksolutions.com,Male,Portugal
516,Ozzie,Aslum,oaslumeb@google.de,Male,Latvia
517,Ilyssa,Pavese,ipaveseec@weibo.com,Female,Angola
518,Brett,Clappison,bclappisoned@trellian.com,Male,Argentina
519,Osbourne,Rives,orivesee@ed.gov,Male,Indonesia
520,Ema,Staniland,estanilandef@usa.gov,Female,China
521,Cassius,Charer,ccharereg@cnet.com,Male,Burkina Faso
522,Jareb,Larn,jlarneh@slideshare.net,Male,China
523,Alfreda,Vokins,avokinsei@acquirethisname.com,Female,Peru
524,Cristen,Smythe,csmytheej@seattletimes.com,Female,Macedonia
525,Ezechiel,Tippings,etippingsek@twitter.com,Male,Dominican Republic
526,Jacenta,Effnert,jeffnertel@chron.com,Female,Brazil
527,Bronnie,Bechley,bbechleyem@wunderground.com,Male,Russia
528,Gill,Habin,ghabinen@imgur.com,Female,Poland
529,Bren,Ortiga,bortigaeo@va.gov,Female,Finland
530,Ludvig,Kupisz,lkupiszep@boston.com,Male,North Korea
531,Richmond,Lyffe,rlyffeeq@meetup.com,Male,Russia
532,Welby,Labbey,wlabbeyer@theglobeandmail.com,Male,Czech Republic
533,Chrisse,Tallquist,ctallquistes@java.com,Male,China
534,Meryl,Jackman,mjackmanet@sun.com,Female,Kazakhstan
535,Reggis,Anear,raneareu@quantcast.com,Male,China
536,Selig,Karpov,skarpovev@weather.com,Male,Czech Republic
537,Joanne,Welbelove,jwelbeloveew@jimdo.com,Female,France
538,Zeb,Giorgetti,zgiorgettiex@deviantart.com,Male,Poland
539,Cesare,Breache,cbreacheey@devhub.com,Male,South Africa
540,Vite,Ingle,vingleez@etsy.com,Male,Russia
541,Cristine,Bon,cbonf0@senate.gov,Female,Poland
542,Roze,Baistow,rbaistowf1@vk.com,Female,Jordan
543,Lenora,Brunke,lbrunkef2@yolasite.com,Female,Russia
544,Blane,Kisby,bkisbyf3@wunderground.com,Male,Brazil
545,Philly,Castellaccio,pcastellacciof4@com.com,Female,Brazil
546,Porter,Castanone,pcastanonef5@pinterest.com,Male,Kosovo
547,Fanchon,Pipet,fpipetf6@google.es,Female,Lithuania
548,Ruthy,Sutherns,rsuthernsf7@com.com,Female,Sweden
549,Katharyn,Wansbury,kwansburyf8@independent.co.uk,Female,Indonesia
550,Malanie,Sheering,msheeringf9@miibeian.gov.cn,Female,Brazil
551,Pattie,O'Rodane,porodanefa@alexa.com,Male,Colombia
552,Terrence,Baskett,tbaskettfb@cafepress.com,Male,Sweden
553,Beauregard,Tireman,btiremanfc@com.com,Male,France
554,Thatch,Hender,thenderfd@edublogs.org,Male,Sweden
555,Bibbye,MacKinnon,bmackinnonfe@ameblo.jp,Female,Poland
556,Cheri,Chantrell,cchantrellff@imgur.com,Female,Finland
557,Annadiana,Gurrado,agurradofg@nyu.edu,Female,Sudan
558,Elianora,Wherry,ewherryfh@weebly.com,Female,Brazil
559,Alexandro,Amiable,aamiablefi@wired.com,Male,China
560,Bert,Disbrow,bdisbrowfj@mac.com,Male,Iran
561,Curtis,Jamary,cjamaryfk@msn.com,Male,China
562,Desdemona,Cockerill,dcockerillfl@ovh.net,Female,China
563,Perceval,Paterno,ppaternofm@xing.com,Male,Indonesia
564,Cliff,Aire,cairefn@youku.com,Male,Norway
565,Donny,Everard,deverardfo@youtube.com,Female,China
566,Stephan,Gage,sgagefp@indiatimes.com,Male,Philippines
567,Wyatan,Hallifax,whallifaxfq@msu.edu,Male,Poland
568,Dicky,Petherick,dpetherickfr@amazon.com,Male,China
569,Pietrek,Dudley,pdudleyfs@java.com,Male,Brazil
570,Annis,Ralls,arallsft@walmart.com,Female,China
571,Ferd,Pallasch,fpallaschfu@unicef.org,Male,China
572,Nat,Wrettum,nwrettumfv@free.fr,Female,Indonesia
573,Huberto,Winslow,hwinslowfw@merriam-webster.com,Male,Indonesia
574,Nicolai,Ackwood,nackwoodfx@altervista.org,Male,France
575,Haskell,Vlasin,hvlasinfy@technorati.com,Male,Russia
576,Ryann,Bosley,rbosleyfz@usa.gov,Female,Indonesia
577,Skye,Rosewell,srosewellg0@drupal.org,Male,Indonesia
578,Melania,Juniper,mjuniperg1@pagesperso-orange.fr,Female,China
579,Veda,Cameli,vcamelig2@ucsd.edu,Female,Serbia
580,Keith,Widdocks,kwiddocksg3@example.com,Male,Indonesia
581,Sileas,Shacklady,sshackladyg4@mac.com,Female,Uganda
582,Adara,Furse,afurseg5@blogger.com,Female,Belarus
583,Latrena,Merring,lmerringg6@house.gov,Female,Honduras
584,Kendal,Bennen,kbenneng7@china.com.cn,Male,Japan
585,Persis,Dahlen,pdahleng8@meetup.com,Female,Finland
586,Kirstin,Thomassin,kthomassing9@mapy.cz,Female,United States
587,Cristie,Sall,csallga@globo.com,Female,Colombia
588,Morrie,Street,mstreetgb@list-manage.com,Male,China
589,Byrle,Wickardt,bwickardtgc@nymag.com,Male,Sweden
590,Rutherford,Cosgreave,rcosgreavegd@4shared.com,Male,France
591,Vito,Atcherley,vatcherleyge@delicious.com,Male,Lithuania
592,Cordelia,Kline,cklinegf@weibo.com,Female,China
593,Demetria,Ramard,dramardgg@gmpg.org,Female,Cambodia
594,Malanie,Mathes,mmathesgh@ed.gov,Female,Indonesia
595,Leontine,Merrison,lmerrisongi@istockphoto.com,Female,Honduras
596,Briny,Thominga,bthomingagj@oaic.gov.au,Female,Russia
597,Marilyn,Spilsbury,mspilsburygk@acquirethisname.com,Female,Kazakhstan
598,Melinda,Nicholl,mnichollgl@who.int,Female,China
599,Charis,Heinsh,cheinshgm@dmoz.org,Female,Netherlands
600,Antonia,Castiglioni,acastiglionign@ucsd.edu,Female,Brazil
601,Harald,Manuelli,hmanuelligo@ft.com,Male,Hong Kong
602,Hazel,Lintott,hlintottgp@wisc.edu,Female,Brazil
603,Mellisa,Leband,mlebandgq@qq.com,Female,Philippines
604,Jillie,Garz,jgarzgr@slate.com,Female,Kazakhstan
605,Terencio,Bonafant,tbonafantgs@storify.com,Male,Poland
606,Gerek,Scrimshire,gscrimshiregt@yale.edu,Male,Netherlands
607,Rawley,Dodimead,rdodimeadgu@wp.com,Male,Libya
608,Tanya,Oaten,toatengv@psu.edu,Female,China
609,Sylvan,Pierro,spierrogw@irs.gov,Male,Indonesia
610,Daniella,McCafferty,dmccaffertygx@phoca.cz,Female,Indonesia
611,Wain,Rollitt,wrollittgy@163.com,Male,Philippines
612,Marianna,Barlee,mbarleegz@google.nl,Female,Brazil
613,Monah,Hearl,mhearlh0@ovh.net,Female,Portugal
614,Frayda,Kleeborn,fkleebornh1@imageshack.us,Female,Indonesia
615,Helena,Inwood,hinwoodh2@shutterfly.com,Female,China
616,Doyle,Hebbs,dhebbsh3@bloglovin.com,Male,China
617,Hiram,Hazeltine,hhazeltineh4@tuttocitta.it,Male,Botswana
618,Amye,Muckley,amuckleyh5@comcast.net,Female,China
619,Lucian,Mathivat,lmathivath6@cocolog-nifty.com,Male,Poland
620,Creighton,Harm,charmh7@printfriendly.com,Male,China
621,Nanice,Greenstreet,ngreenstreeth8@posterous.com,Female,South Korea
622,Lennie,Devericks,ldevericksh9@1688.com,Male,China
623,Gordan,Kellogg,gkelloggha@mail.ru,Male,Turkey
624,Edeline,Crippell,ecrippellhb@usgs.gov,Female,Pakistan
625,Lorinda,Franiak,lfraniakhc@canalblog.com,Female,Philippines
626,Tessy,Mauvin,tmauvinhd@mozilla.com,Female,Russia
627,Meryl,Willmot,mwillmothe@com.com,Male,France
628,Laural,Louder,llouderhf@washingtonpost.com,Female,Philippines
629,Giffy,Royle,groylehg@ebay.com,Male,Brazil
630,Meredith,Casaccio,mcasacciohh@independent.co.uk,Male,Gambia
631,Brandais,Lansdale,blansdalehi@ucla.edu,Female,Poland
632,Dillie,Reeveley,dreeveleyhj@ebay.com,Male,Nigeria
633,Coop,Lintill,clintillhk@people.com.cn,Male,Bangladesh
634,Godard,Meale,gmealehl@army.mil,Male,France
635,Blakelee,Grubb,bgrubbhm@istockphoto.com,Female,China
636,Walt,Cordeix,wcordeixhn@newyorker.com,Male,Brazil
637,Chevalier,Schoffel,cschoffelho@1und1.de,Male,Czech Republic
638,Adelina,Antczak,aantczakhp@wordpress.org,Female,Venezuela
639,Aldon,Plane,aplanehq@etsy.com,Male,China
640,Bruis,Kittless,bkittlesshr@ycombinator.com,Male,China
641,Miner,Thorrington,mthorringtonhs@skype.com,Male,Albania
642,Ambrosius,Goodbur,agoodburht@usgs.gov,Male,Russia
643,Alix,Bonus,abonushu@pbs.org,Male,Finland
644,Sybil,Humpatch,shumpatchhv@aboutads.info,Female,Sweden
645,Jeniece,Nevill,jnevillhw@joomla.org,Female,Malaysia
646,Salome,Rings,sringshx@hp.com,Female,United States
647,Joelynn,Staning,jstaninghy@bravesites.com,Female,Indonesia
648,Irita,Kleanthous,ikleanthoushz@wisc.edu,Female,Poland
649,Joyan,Petri,jpetrii0@salon.com,Female,Indonesia
650,Demetris,Asman,dasmani1@altervista.org,Male,Poland
651,Candida,Reast,creasti2@histats.com,Female,Argentina
652,Donny,Vassman,dvassmani3@diigo.com,Male,Philippines
653,Griswold,Creak,gcreaki4@mtv.com,Male,China
654,Verena,Brimfield,vbrimfieldi5@blogspot.com,Female,Russia
655,Madel,Hampstead,mhampsteadi6@cargocollective.com,Female,Gambia
656,Wendi,Berrecloth,wberreclothi7@mlb.com,Female,Hungary
657,Arlana,Spadotto,aspadottoi8@is.gd,Female,Indonesia
658,Tobye,Furmagier,tfurmagieri9@parallels.com,Female,United States
659,Antonina,Pollak,apollakia@smugmug.com,Female,Poland
660,Karl,Skewes,kskewesib@yahoo.co.jp,Male,Indonesia
661,Shae,Robers,srobersic@twitter.com,Female,Peru
662,Ferris,Aylward,faylwardid@sbwire.com,Male,Iran
663,Merwyn,Rihosek,mrihosekie@yandex.ru,Male,Portugal
664,Winni,Glackin,wglackinif@so-net.ne.jp,Female,China
665,Rickie,Froom,rfroomig@techcrunch.com,Female,Argentina
666,Seumas,Blitzer,sblitzerih@hostgator.com,Male,Luxembourg
667,Virgina,Malin,vmalinii@xing.com,Female,Colombia
668,Dael,Lawrinson,dlawrinsonij@jigsy.com,Female,Brazil
669,Rafa,Westoll,rwestollik@yahoo.co.jp,Female,Greece
670,Clarabelle,Graveney,cgraveneyil@wix.com,Female,Peru
671,Zolly,Grayne,zgrayneim@icio.us,Male,China
672,Imogene,Buttery,ibutteryin@blogspot.com,Female,Mexico
673,Gussi,Jellyman,gjellymanio@dailymotion.com,Female,China
674,Abba,Poyle,apoyleip@is.gd,Male,Egypt
675,Vernor,Paulo,vpauloiq@1688.com,Male,China
676,Stanford,Vasnev,svasnevir@census.gov,Male,Greece
677,Valma,Amthor,vamthoris@npr.org,Female,China
678,Flynn,Chansonne,fchansonneit@accuweather.com,Male,Indonesia
679,Perri,Fortie,pfortieiu@squidoo.com,Female,Russia
680,Brandie,Bust,bbustiv@wufoo.com,Female,France
681,Zebedee,Colclough,zcolcloughiw@engadget.com,Male,Portugal
682,Basia,Daviot,bdaviotix@bluehost.com,Female,Brazil
683,Ted,Yeandel,tyeandeliy@simplemachines.org,Male,Philippines
684,Jock,Wiffill,jwiffilliz@statcounter.com,Male,Morocco
685,Ede,Santus,esantusj0@sciencedirect.com,Female,Rwanda
686,Jo,Storrah,jstorrahj1@elegantthemes.com,Female,Argentina
687,Grethel,Daniele,gdanielej2@com.com,Female,China
688,Shirley,Joris,sjorisj3@ihg.com,Female,Indonesia
689,Agnese,Tomsa,atomsaj4@free.fr,Female,China
690,Markos,Dark,mdarkj5@gizmodo.com,Male,China
691,Eloisa,Claybourn,eclaybournj6@telegraph.co.uk,Female,Russia
692,Lindy,Ilive,lilivej7@techcrunch.com,Male,Indonesia
693,Marla,Benedicte,mbenedictej8@weibo.com,Female,Russia
694,Don,Orleton,dorletonj9@parallels.com,Male,Brazil
695,Pearl,MacMorland,pmacmorlandja@paginegialle.it,Female,Indonesia
696,Bartholomeus,Greatex,bgreatexjb@last.fm,Male,China
697,Ginni,Bette,gbettejc@meetup.com,Female,Ukraine
698,Sheelagh,Weedall,sweedalljd@craigslist.org,Female,Sweden
699,Christean,Camplejohn,ccamplejohnje@angelfire.com,Female,United Kingdom
700,Palmer,Masterson,pmastersonjf@issuu.com,Male,Malaysia
701,Nola,Hearon,nhearonjg@multiply.com,Female,China
702,Jamie,Vanyushkin,jvanyushkinjh@who.int,Male,Hungary
703,Kessia,Trobridge,ktrobridgeji@reuters.com,Female,Russia
704,Borg,Mantz,bmantzjj@blog.com,Male,Venezuela
705,Bruce,Zeale,bzealejk@accuweather.com,Male,China
706,Moises,Kermitt,mkermittjl@gov.uk,Male,China
707,Emylee,Baggott,ebaggottjm@wufoo.com,Female,Peru
708,Thalia,McCarroll,tmccarrolljn@163.com,Female,Ukraine
709,Kenyon,covino,kcovinojo@dropbox.com,Male,China
710,Judy,Laterza,jlaterzajp@toplist.cz,Female,Portugal
711,Shelba,Clubley,sclubleyjq@chron.com,Female,Bulgaria
712,Haley,Claibourn,hclaibournjr@wikia.com,Female,United States
713,Cynthia,Jelkes,cjelkesjs@technorati.com,Female,Sweden
714,Brock,McNea,bmcneajt@shinystat.com,Male,Poland
715,Melisa,Grabb,mgrabbju@blogspot.com,Female,Philippines
716,Roma,Dukelow,rdukelowjv@icq.com,Male,Russia
717,Kacy,Firks,kfirksjw@ca.gov,Female,China
718,Lucho,Gogin,lgoginjx@csmonitor.com,Male,Tanzania
719,Bennett,Hansman,bhansmanjy@fda.gov,Male,Indonesia
720,Lyell,Teasdale,lteasdalejz@aol.com,Male,Cameroon
721,Porter,Lockery,plockeryk0@google.co.uk,Male,China
722,Becki,Catenot,bcatenotk1@google.it,Female,China
723,Delainey,Ferrar,dferrark2@nationalgeographic.com,Male,Brazil
724,Randene,Northfield,rnorthfieldk3@google.cn,Female,Indonesia
725,Tobin,Caskey,tcaskeyk4@icq.com,Male,China
726,Eduino,Eppson,eeppsonk5@livejournal.com,Male,Mayotte
727,Egan,Pluck,epluckk6@ebay.com,Male,Pakistan
728,Mack,Flanaghan,mflanaghank7@mediafire.com,Male,Brazil
729,Othilie,Rose,orosek8@upenn.edu,Female,Indonesia
730,Avery,Rolland,arollandk9@youtube.com,Male,Vietnam
731,Beck,Dominichelli,bdominichellika@nymag.com,Male,Serbia
732,Darius,Liddall,dliddallkb@nifty.com,Male,Netherlands
733,Linnea,Weiser,lweiserkc@yolasite.com,Female,China
734,Eleanora,Raithmill,eraithmillkd@si.edu,Female,Indonesia
735,Bertram,Deards,bdeardske@mysql.com,Male,Portugal
736,Rudie,Stieger,rstiegerkf@squidoo.com,Male,Indonesia
737,Johannes,Dolley,jdolleykg@nbcnews.com,Male,Portugal
738,Wilow,Soper,wsoperkh@google.com.au,Female,Indonesia
739,Missie,Sommerscales,msommerscaleski@marriott.com,Female,Brazil
740,Terrie,Mizzen,tmizzenkj@hud.gov,Female,Japan
741,Karlan,Jasper,kjasperkk@gravatar.com,Male,French Polynesia
742,Pollyanna,Donisi,pdonisikl@pbs.org,Female,Guinea
743,Townsend,Wisham,twishamkm@technorati.com,Male,Russia
744,Lou,Farriar,lfarriarkn@apple.com,Female,Latvia
745,Eada,Grouer,egrouerko@noaa.gov,Female,Norway
746,Kipper,Hardwidge,khardwidgekp@i2i.jp,Male,Philippines
747,Adan,Rosengarten,arosengartenkq@sourceforge.net,Male,Armenia
748,Brit,Gummie,bgummiekr@spotify.com,Male,Ukraine
749,Lisette,Minnette,lminnetteks@free.fr,Female,Uzbekistan
750,Emily,Varley,evarleykt@sakura.ne.jp,Female,China
751,Genia,Lumm,glummku@alibaba.com,Female,Indonesia
752,Zebadiah,Muehle,zmuehlekv@addthis.com,Male,Canada
753,Kacy,Ilewicz,kilewiczkw@theguardian.com,Female,Poland
754,Sanders,Skedge,sskedgekx@time.com,Male,France
755,Antonin,Daymont,adaymontky@microsoft.com,Male,Nigeria
756,Carine,Glowacha,cglowachakz@cpanel.net,Female,China
757,Amelie,Simonaitis,asimonaitisl0@miibeian.gov.cn,Female,Philippines
758,Thacher,Locock,tlocockl1@tinypic.com,Male,Brazil
759,Sutherland,Harlow,sharlowl2@yahoo.co.jp,Male,China
760,Derby,Crowthe,dcrowthel3@springer.com,Male,Namibia
761,Briano,Debrett,bdebrettl4@state.gov,Male,Panama
762,Bird,Lackington,blackingtonl5@cargocollective.com,Female,Armenia
763,Kermie,Shanks,kshanksl6@mlb.com,Male,Kyrgyzstan
764,Mellisa,Frandsen,mfrandsenl7@miitbeian.gov.cn,Female,Czech Republic
765,Stevana,Medcraft,smedcraftl8@hugedomains.com,Female,Bolivia
766,Gipsy,Gorusso,ggorussol9@indiegogo.com,Female,China
767,Devina,Alsobrook,dalsobrookla@slideshare.net,Female,China
768,Mina,Battersby,mbattersbylb@oakley.com,Female,North Korea
769,Jodee,Gleeson,jgleesonlc@webs.com,Female,Sweden
770,Jandy,Cochran,jcochranld@telegraph.co.uk,Female,France
771,Linus,Dumigan,ldumiganle@360.cn,Male,Russia
772,Cassie,Saggs,csaggslf@flavors.me,Female,China
773,Golda,Naylor,gnaylorlg@mit.edu,Female,Sweden
774,Rochella,Ellingham,rellinghamlh@people.com.cn,Female,United States
775,Terrance,Koppens,tkoppensli@tripadvisor.com,Male,Indonesia
776,Marney,Corragan,mcorraganlj@mail.ru,Female,Croatia
777,Rickert,Potticary,rpotticarylk@yelp.com,Male,Ecuador
778,Dallon,Luxon,dluxonll@dell.com,Male,Portugal
779,Fran,Antoniewski,fantoniewskilm@lulu.com,Female,Peru
780,Nicolette,Coldtart,ncoldtartln@moonfruit.com,Female,Mexico
781,Fianna,Farloe,ffarloelo@apple.com,Female,Indonesia
782,Nealy,Avison,navisonlp@prweb.com,Male,Costa Rica
783,Wat,Moyser,wmoyserlq@hostgator.com,Male,Canada
784,Amie,Kemmish,akemmishlr@hao123.com,Female,China
785,Ignatius,Cornbill,icornbillls@oakley.com,Male,Czech Republic
786,Geneva,Czajkowska,gczajkowskalt@instagram.com,Female,China
787,Dinnie,Aspin,daspinlu@apache.org,Female,Argentina
788,Angelia,Dives,adiveslv@hud.gov,Female,Thailand
789,Hamlin,MacCaughen,hmaccaughenlw@blogtalkradio.com,Male,Portugal
790,Fonzie,Causton,fcaustonlx@yellowpages.com,Male,China
791,Gussi,Tomaszynski,gtomaszynskily@ustream.tv,Female,China
792,Lock,Schankel,lschankellz@salon.com,Male,Colombia
793,Marji,Autrie,mautriem0@mozilla.org,Female,Ukraine
794,Malynda,Pennick,mpennickm1@kickstarter.com,Female,Poland
795,Kirsten,Boothebie,kboothebiem2@dell.com,Female,Indonesia
796,Christy,Ygou,cygoum3@jugem.jp,Male,Ukraine
797,Phillipp,Buffy,pbuffym4@cdc.gov,Male,Luxembourg
798,Karen,Gregoriou,kgregorioum5@addthis.com,Female,France
799,Josee,Sellens,jsellensm6@typepad.com,Female,China
800,Eileen,Skitteral,eskitteralm7@simplemachines.org,Female,Ivory Coast
801,Dannie,Mixer,dmixerm8@meetup.com,Female,Portugal
802,Olly,Geram,ogeramm9@slashdot.org,Male,Thailand
803,Renaud,Wordsworth,rwordsworthma@themeforest.net,Male,China
804,Hadrian,Abbado,habbadomb@bing.com,Male,Greece
805,Ruggiero,Antonchik,rantonchikmc@e-recht24.de,Male,Indonesia
806,Cecilla,Satterley,csatterleymd@google.de,Female,Philippines
807,Dominic,Tombleson,dtomblesonme@fc2.com,Male,Bolivia
808,Ephraim,Gregory,egregorymf@china.com.cn,Male,China
809,Skipton,Clee,scleemg@privacy.gov.au,Male,China
810,Gussi,Andre,gandremh@sciencedaily.com,Female,Thailand
811,Annette,Riping,aripingmi@yahoo.co.jp,Female,Nepal
812,John,Stonehewer,jstonehewermj@live.com,Male,Macedonia
813,Beck,Tant,btantmk@accuweather.com,Male,Brazil
814,Derrik,Leuren,dleurenml@yolasite.com,Male,Russia
815,Angus,Peattie,apeattiemm@techcrunch.com,Male,Russia
816,Helyn,Gresswood,hgresswoodmn@blog.com,Female,Gambia
817,Berry,Plank,bplankmo@fastcompany.com,Female,Peru
818,Baldwin,McGucken,bmcguckenmp@independent.co.uk,Male,Morocco
819,Lidia,Meighan,lmeighanmq@prweb.com,Female,Indonesia
820,Nikita,Mascall,nmascallmr@theglobeandmail.com,Male,China
821,Nye,Bulleyn,nbulleynms@soup.io,Male,Ukraine
822,Tallie,Pressland,tpresslandmt@google.it,Male,Brazil
823,Nelie,Gooderidge,ngooderidgemu@php.net,Female,Russia
824,Paula,Joincey,pjoinceymv@slate.com,Female,Japan
825,Wendye,Sapsed,wsapsedmw@edublogs.org,Female,Guatemala
826,Donica,Race,dracemx@macromedia.com,Female,Ukraine
827,Stephan,Thynne,sthynnemy@globo.com,Male,Indonesia
828,Daloris,Maisey,dmaiseymz@sbwire.com,Female,Poland
829,Jess,Athey,jatheyn0@studiopress.com,Female,Poland
830,Tamera,Chritchley,tchritchleyn1@ycombinator.com,Female,Portugal
831,Morrie,Povall,mpovalln2@theglobeandmail.com,Male,Japan
832,Mordecai,Bartosch,mbartoschn3@virginia.edu,Male,Portugal
833,Esra,Bindon,ebindonn4@redcross.org,Male,Yemen
834,Gregor,Bonifas,gbonifasn5@jigsy.com,Male,China
835,Putnam,Bilston,pbilstonn6@behance.net,Male,Mexico
836,Dolores,MacGaffey,dmacgaffeyn7@craigslist.org,Female,Guatemala
837,Yolanda,Petters,ypettersn8@photobucket.com,Female,Guam
838,Court,O' Scallan,coscallann9@mapquest.com,Male,Bulgaria
839,Ralph,Tipler,rtiplerna@nymag.com,Male,Indonesia
840,Carolyn,Spelling,cspellingnb@t-online.de,Female,China
841,Austine,Hounsome,ahounsomenc@who.int,Female,Colombia
842,Cristy,Cordingley,ccordingleynd@youtu.be,Female,Uzbekistan
843,Charlean,Charnick,ccharnickne@dropbox.com,Female,Ireland
844,Herbert,Domingues,hdominguesnf@yolasite.com,Male,Indonesia
845,Scarlett,Whetland,swhetlandng@slate.com,Female,Indonesia
846,Faun,MacTimpany,fmactimpanynh@spiegel.de,Female,Yemen
847,Aldus,Tinsley,atinsleyni@wikipedia.org,Male,China
848,Belva,Daber,bdabernj@weebly.com,Female,Solomon Islands
849,Ashly,Curlis,acurlisnk@ebay.co.uk,Female,Guinea
850,Constantine,Echelle,cechellenl@privacy.gov.au,Female,Israel
851,Ashlin,Sherlaw,asherlawnm@businessweek.com,Male,Indonesia
852,Aurthur,Bampford,abampfordnn@cnbc.com,Male,France
853,Stevie,Bloore,sblooreno@loc.gov,Male,Guinea
854,Arlena,Hollindale,ahollindalenp@vimeo.com,Female,Sweden
855,Michaeline,Kielt,mkieltnq@disqus.com,Female,Japan
856,Euphemia,Eyckelbeck,eeyckelbecknr@boston.com,Female,Indonesia
857,Carena,Jecock,cjecockns@eepurl.com,Female,Chile
858,Eleni,Dorcey,edorceynt@spotify.com,Female,Peru
859,Shaylynn,Duthie,sduthienu@dropbox.com,Female,Indonesia
860,Maura,Humble,mhumblenv@alexa.com,Female,Yemen
861,Corrina,Duckinfield,cduckinfieldnw@phoca.cz,Female,Ireland
862,Garrett,Schafer,gschafernx@who.int,Male,Indonesia
863,Rhodia,Deveral,rdeveralny@woothemes.com,Female,Hungary
864,Tracee,Bowdler,tbowdlernz@mayoclinic.com,Female,Russia
865,Lib,Steers,lsteerso0@opera.com,Female,Brazil
866,Heindrick,Normanville,hnormanvilleo1@sitemeter.com,Male,Nigeria
867,Brittani,Farncomb,bfarncombo2@fc2.com,Female,Brazil
868,Cathrine,Elliott,celliotto3@fastcompany.com,Female,Argentina
869,Dinnie,Eagan,deagano4@latimes.com,Female,Poland
870,Mort,Eusden,meusdeno5@yahoo.co.jp,Male,Benin
871,Raphael,Stiegar,rstiegaro6@washingtonpost.com,Male,Canada
872,Erika,Bowcock,ebowcocko7@networksolutions.com,Female,China
873,Morly,Marchent,mmarchento8@msu.edu,Male,Philippines
874,Marissa,Setterthwait,msetterthwaito9@telegraph.co.uk,Female,Russia
875,Lorna,Lillford,llillfordoa@smh.com.au,Female,Yemen
876,Bartholemy,Peterson,bpetersonob@webmd.com,Male,China
877,Goldarina,Eringey,geringeyoc@drupal.org,Female,Philippines
878,Wilfrid,Pavelka,wpavelkaod@bbb.org,Male,Indonesia
879,Von,Kinglesyd,vkinglesydoe@4shared.com,Male,Philippines
880,Gwenny,Juanes,gjuanesof@deviantart.com,Female,China
881,Wes,Walby,wwalbyog@myspace.com,Male,Argentina
882,Darcy,Hollingsbee,dhollingsbeeoh@springer.com,Male,Malaysia
883,Muriel,Heeley,mheeleyoi@adobe.com,Female,China
884,Tomaso,Bagot,tbagotoj@rediff.com,Male,France
885,Esra,Orsay,eorsayok@utexas.edu,Male,Brazil
886,Reiko,MacClancey,rmacclanceyol@nba.com,Female,Czech Republic
887,Isidor,Luetchford,iluetchfordom@about.me,Male,Poland
888,Nessie,Engeham,nengehamon@nps.gov,Female,Malaysia
889,Tonia,Boodell,tboodelloo@alibaba.com,Female,Switzerland
890,Gaylord,Rosellini,groselliniop@abc.net.au,Male,Philippines
891,Rickie,Ragat,rragatoq@ovh.net,Male,Finland
892,Kristoffer,Bohike,kbohikeor@nytimes.com,Male,Indonesia
893,Dasya,Habishaw,dhabishawos@wufoo.com,Female,Czech Republic
894,Antonin,Highton,ahightonot@php.net,Male,Honduras
895,Hasty,Oxborrow,hoxborrowou@time.com,Male,United States
896,Lorrayne,Bendson,lbendsonov@list-manage.com,Female,China
897,Gael,Sandifer,gsandiferow@odnoklassniki.ru,Male,Poland
898,Steward,Deverick,sdeverickox@nbcnews.com,Male,Greece
899,Stafford,Booij,sbooijoy@ocn.ne.jp,Male,Honduras
900,Hayyim,Maddrell,hmaddrelloz@shinystat.com,Male,Spain
901,Templeton,Pinkstone,tpinkstonep0@yandex.ru,Male,Brazil
902,Gaultiero,Truelove,gtruelovep1@canalblog.com,Male,France
903,Gerty,Harniman,gharnimanp2@huffingtonpost.com,Female,China
904,Carson,Drance,cdrancep3@flavors.me,Male,Russia
905,Penelopa,Morton,pmortonp4@gmpg.org,Female,Brazil
906,Rheba,Guinan,rguinanp5@nationalgeographic.com,Female,Brazil
907,Loree,Upham,luphamp6@zimbio.com,Female,Japan
908,Maynard,Masham,mmashamp7@paginegialle.it,Male,Indonesia
909,Gorden,Ludwig,gludwigp8@tamu.edu,Male,Indonesia
910,Ree,Alsina,ralsinap9@engadget.com,Female,China
911,Urson,Cousens,ucousenspa@bloomberg.com,Male,Indonesia
912,Leonelle,Brameld,lbrameldpb@exblog.jp,Female,Uzbekistan
913,Coleman,Blayney,cblayneypc@house.gov,Male,Indonesia
914,Merissa,O' Hanvey,mohanveypd@opera.com,Female,Lithuania
915,Felicio,Hamly,fhamlype@nba.com,Male,Palestinian Territory
916,Mady,McKibbin,mmckibbinpf@sogou.com,Female,China
917,Tanney,Waterhous,twaterhouspg@fda.gov,Male,Brazil
918,Renato,Czaple,rczapleph@wiley.com,Male,Portugal
919,Roderich,Cutcliffe,rcutcliffepi@bbb.org,Male,Sweden
920,Cassandra,Clamp,cclamppj@shutterfly.com,Female,Indonesia
921,Katlin,Pace,kpacepk@livejournal.com,Female,Colombia
922,Ross,Biaggiotti,rbiaggiottipl@usa.gov,Male,Zimbabwe
923,Madeleine,Toma,mtomapm@time.com,Female,Philippines
924,Rolf,Stribling,rstriblingpn@elegantthemes.com,Male,Luxembourg
925,Zorina,Tissington,ztissingtonpo@elegantthemes.com,Female,Chile
926,Millard,Knight,mknightpp@illinois.edu,Male,Colombia
927,Cassie,Polden,cpoldenpq@zdnet.com,Male,United States
928,Antonella,Hendrickson,ahendricksonpr@cisco.com,Female,Philippines
929,Wash,Romney,wromneyps@amazon.de,Male,United States
930,Tracy,Severs,tseverspt@51.la,Male,China
931,Gretta,Cummings,gcummingspu@nifty.com,Female,Russia
932,Glynda,Bevan,gbevanpv@nih.gov,Female,Czech Republic
933,Antonetta,Wringe,awringepw@engadget.com,Female,Philippines
934,Riccardo,Hustings,rhustingspx@merriam-webster.com,Male,Philippines
935,Eyde,Webland,eweblandpy@mtv.com,Female,Indonesia
936,Celestina,Conahy,cconahypz@newyorker.com,Female,Russia
937,Nicko,Gonin,ngoninq0@archive.org,Male,Venezuela
938,Dreddy,Conry,dconryq1@squidoo.com,Female,Malta
939,Auria,Geratt,agerattq2@zimbio.com,Female,South Sudan
940,Humphrey,Bannon,hbannonq3@weebly.com,Male,Ivory Coast
941,Hermann,Pranger,hprangerq4@imgur.com,Male,China
942,Artemus,Chandlar,achandlarq5@google.nl,Male,Cuba
943,Lindsay,Spalding,lspaldingq6@flavors.me,Female,Nigeria
944,Miguelita,Lintill,mlintillq7@yellowbook.com,Female,Indonesia
945,Hobard,Olivella,holivellaq8@mit.edu,Male,Sweden
946,Raf,Jaquiss,rjaquissq9@msn.com,Female,China
947,Fredi,Blakden,fblakdenqa@smugmug.com,Female,Poland
948,Lemmy,Indruch,lindruchqb@state.tx.us,Male,Brazil
949,Jaquenetta,McSherry,jmcsherryqc@ft.com,Female,New Caledonia
950,Isabelle,Battison,ibattisonqd@npr.org,Female,Sweden
951,Engracia,Ferronier,eferronierqe@furl.net,Female,Philippines
952,Giselle,Jermyn,gjermynqf@mysql.com,Female,Russia
953,Burke,McMeyler,bmcmeylerqg@nature.com,Male,France
954,Jock,Case,jcaseqh@hhs.gov,Male,Japan
955,Antonietta,Monckton,amoncktonqi@wordpress.com,Female,China
956,Parnell,Whitticks,pwhitticksqj@senate.gov,Male,Poland
957,Claiborn,Yakebowitch,cyakebowitchqk@typepad.com,Male,Botswana
958,Janek,Armit,jarmitql@google.ru,Male,China
959,Patty,Jenyns,pjenynsqm@ucsd.edu,Male,Peru
960,Jabez,Meeks,jmeeksqn@mlb.com,Male,Philippines
961,Mayor,Cuppleditch,mcuppleditchqo@facebook.com,Male,Vietnam
962,Tripp,Gerritzen,tgerritzenqp@patch.com,Male,Japan
963,Rodie,Needs,rneedsqq@rambler.ru,Female,Japan
964,Virgie,Froud,vfroudqr@upenn.edu,Male,Netherlands
965,Burch,Cuolahan,bcuolahanqs@usatoday.com,Male,Philippines
966,Mireille,Crawshaw,mcrawshawqt@de.vu,Female,Poland
967,Jack,Ormonde,jormondequ@pinterest.com,Male,Venezuela
968,Effie,Lindberg,elindbergqv@creativecommons.org,Female,China
969,Bing,Sends,bsendsqw@gnu.org,Male,Palestinian Territory
970,Idaline,Devanney,idevanneyqx@google.it,Female,Macedonia
971,Eal,Redhole,eredholeqy@nba.com,Male,Nigeria
972,Manolo,Trow,mtrowqz@seesaa.net,Male,Tanzania
973,Timothee,Sherlaw,tsherlawr0@virginia.edu,Male,Somalia
974,Brittany,De Bell,bdebellr1@hatena.ne.jp,Female,Philippines
975,Alexa,Geikie,ageikier2@drupal.org,Female,Argentina
976,Kevin,Halvorsen,khalvorsenr3@about.me,Male,Brazil
977,Chickie,Jura,cjurar4@ucsd.edu,Female,Brazil
978,Nikos,Aylesbury,naylesburyr5@squarespace.com,Male,China
979,Dell,Langmuir,dlangmuirr6@china.com.cn,Male,Russia
980,Arabele,Wyldes,awyldesr7@pinterest.com,Female,Bosnia and Herzegovina
981,Marita,Rex,mrexr8@cbslocal.com,Female,Indonesia
982,Sebastien,Dollin,sdollinr9@joomla.org,Male,Mexico
983,Crawford,McGruar,cmcgruarra@eventbrite.com,Male,Philippines
984,Elwood,Hadye,ehadyerb@soundcloud.com,Male,Russia
985,Eve,Coggin,ecogginrc@elpais.com,Female,Indonesia
986,Maudie,Rookes,mrookesrd@merriam-webster.com,Female,Indonesia
987,Hilary,Hargerie,hhargeriere@bloglovin.com,Female,China
988,Jenelle,Paybody,jpaybodyrf@uol.com.br,Female,Canada
989,Van,Derle,vderlerg@nationalgeographic.com,Male,China
990,Gualterio,Van der Merwe,gvandermerwerh@webeden.co.uk,Male,Canada
991,Hermia,Elven,helvenri@omniture.com,Female,Indonesia
992,Huey,Delahunt,hdelahuntrj@apache.org,Male,Russia
993,Willamina,Ratnege,wratnegerk@ft.com,Female,Bolivia
994,Morten,Mathwen,mmathwenrl@ezinearticles.com,Male,Greece
995,Asa,Farndell,afarndellrm@hubpages.com,Male,Thailand
996,Nigel,Minmagh,nminmaghrn@webnode.com,Male,Myanmar
997,Corliss,Dubois,cduboisro@tripod.com,Female,Nigeria
998,Marguerite,Lamplugh,mlamplughrp@printfriendly.com,Female,Philippines
999,Lyle,Salvadori,lsalvadorirq@furl.net,Male,Bulgaria
1000,Jesse,Gagin,jgaginrr@jalbum.net,Male,France
